Alex Rodriguez,NYA,3B,29000000,10 (2008-17),275000000,27500000
Cliff Lee,PHI,P,25000000,5 (2011-15),120000000,24000000
Johan Santana,NYN,P,24644708,6 (2008-13),137500000,22916667
Mark Teixeira,NYA,1B,23125000,8 (2009-16),180000000,22500000
Prince Fielder,DET,1B,23000000,9 (2012-20),214000000,23777778
Joe Mauer,MIN,C,23000000,8 (2011-18),184000000,23000000
CC Sabathia,NYA,P,23000000,5 (2012-16),122000000,24400000
Tim Lincecum,SFN,P,22250000,2 (2012-13),40500000,20250000
Adrian Gonzalez,LAN,1B,21000000,7 (2012-18),154000000,22000000
Miguel Cabrera,DET,3B,21000000,8 (2008-15),152300000,19037500
Vernon Wells,NYA,OF,21000000,7 (2008-14),126000000,18000000
Matt Cain,SFN,P,20833333,6 (2012-17),127500000,21250000
Cole Hamels,PHI,P,20500000,6 (2013-18),144000000,24000000
Matt Kemp,LAN,OF,20250000,8 (2012-19),160000000,20000000
Justin Verlander,DET,P,20100000,5 (2010-14),80000000,16000000
Carl Crawford,LAN,OF,20000000,7 (2011-17),142000000,20285714
Barry Zito,SFN,P,20000000,7 (2007-13),126000000,18000000
Ryan Howard,PHI,1B,20000000,5 (2012-16),125000000,25000000
Roy Halladay,PHI,P,20000000,3 (2011-13),60000000,20000000
Felix Hernandez,SEA,P,19857143,7 (2013-19),175000000,25000000
Alfonso Soriano,CHN,OF,19000000,8 (2007-14),136000000,17000000
Josh Hamilton,ANA,OF,17400000,5 (2013-17),125000000,25000000
Joey Votto,CIN,1B,17000000,3 (2011-13),38000000,12666667
Derek Jeter,NYA,SS,16729365,3 (2011-13),51000000,17000000
Jayson Werth,WSH,OF,16571429,7 (2011-17),126000000,18000000
A.J. Burnett,PIT,P,16500000,5 (2009-13),82500000,16500000
Bronson Arroyo,CIN,P,16445533,3 (2011-13),35000000,11666667
Matt Holliday,SLN,OF,16272110,7 (2010-16),120000000,17142857
Jered Weaver,ANA,P,16200000,5 (2012-16),85000000,17000000
Jake Peavy,CWS,P,16157271,2 (2013-14),29000000,14500000
Albert Pujols,ANA,1B,16000000,10 (2012-20),240000000,24000000
Adrian Beltre,TEX,3B,16000000,5 (2011-15),80000000,16000000
John Lackey,BOS,P,15950000,5 (2010-14),82500000,16500000
Josh Beckett,LAN,P,15750000,4 (2011-14),68000000,17000000
John Danks,CWS,P,15750000,5 (2012-16),65000000,13000000
Hanley Ramirez,LAN,SS,15500000,6 (2009-14),70000000,11666667
Nick Markakis,BAL,OF,15350000,6 (2009-14),66100000,11016667
Chase Utley,PHI,2B,15285714,7 (2007-13),85000000,12142857
Justin Morneau,MIN,1B,15000000,6 (2008-13),80000000,13333333
Adam Dunn,CWS,DH,15000000,4 (2011-14),56000000,14000000
Curtis Granderson,NYA,OF,15000000,1 (2013),15000000,15000000
Hiroki Kuroda,NYA,P,15000000,1 (2013),15000000,15000000
David Ortiz,BOS,DH,14500000,2 (2013-14),26000000,13000000
Yadier Molina,SLN,C,14200000,5 (2013-17),75000000,15000000
Jose Bautista,TOR,OF,14000000,5 (2011-15),65000000,13000000
Ryan Zimmerman,WSH,3B,14000000,5 (2009-13),45000000,9000000
Hunter Pence,SFN,OF,13800000,1 (2013),13800000,13800000
Josh Johnson,TOR,P,13750000,4 (2010-13),39000000,9750000
Andre Ethier,LAN,OF,13500000,5 (2013-17),85000000,17000000
Ryan Dempster,BOS,P,13250000,2 (2013-14),26500000,13250000
Dan Uggla,ATL,2B,13146942,5 (2011-15),62000000,12400000
Michael Young,PHI,3B,13000000,5 (2009-13),80000000,16000000
Ian Kinsler,TEX,2B,13000000,5 (2013-17),75000000,15000000
Edwin Jackson,CHN,P,13000000,4 (2013-16),52000000,13000000
Jonathan Papelbon,PHI,P,13000000,4 (2012-15),50000000,12500000
Victor Martinez,DET,DH,13000000,4 (2011-14),50000000,12500000
Shane Victorino,BOS,OF,13000000,3 (2013-15),39000000,13000000
Wandy Rodriguez,PIT,P,13000000,3 (2011-13),34000000,11333333
Carlos Beltran,SLN,OF,13000000,2 (2012-13),26000000,13000000
Dan Haren,WSH,P,13000000,1 (2013),13000000,13000000
Ervin Santana,KCA,P,13000000,1 (2013),13000000,13000000
Paul Konerko,CWS,1B,12501506,3 (2011-13),37500000,12500000
Alex Rios,CWS,OF,12500000,7 (2008-14),69835000,9976429
Torii Hunter,DET,OF,12000000,2 (2013-14),26000000,13000000
Adam Wainwright,SLN,P,12000000,1 (2013),12000000,12000000
Andy Pettitte,NYA,P,12000000,1 (2013),12000000,12000000
Brian McCann,ATL,C,12000000,1 (2013),12000000,12000000
Kevin Youkilis,NYA,3B,12000000,1 (2013),12000000,12000000
Chris Carpenter,SLN,P,11941976,2 (2012-13),21000000,10500000
Clayton Kershaw,LAN,P,11750000,2 (2012-13),19000000,9500000
Rafael Soriano,WSH,P,11742090,2 (2013-14),28000000,14000000
Jon Lester,BOS,P,11625000,5 (2009-13),30000000,6000000
C.J. Wilson,ANA,P,11500000,5 (2012-16),77500000,15500000
Ricky Nolasco,MIA,P,11500000,3 (2011-13),26500000,8833333
James Shields,KCA,P,11250000,1 (2013),11250000,11250000
Mark Buehrle,TOR,P,11000000,4 (2012-15),58000000,14500000
Nick Swisher,CLE,OF,11000000,4 (2013-16),56000000,14000000
Rickie Weeks,MIL,2B,11000000,4 (2011-14),38500000,9625000
Chad Billingsley,LAN,P,11000000,3 (2012-14),35000000,11666667
Jimmy Rollins,PHI,SS,11000000,3 (2012-14),33000000,11000000
Jorge De La Rosa,COL,P,11000000,1 (2013),11000000,11000000
Michael Cuddyer,COL,OF,10500000,3 (2012-14),31500000,10500000
Corey Hart,MIL,OF,10333333,3 (2011-13),26500000,8833333
Dustin Pedroia,BOS,2B,10250000,6 (2009-14),40500000,6750000
Nelson Cruz,TEX,OF,10250000,2 (2012-13),16000000,8000000
Matt Garza,CHN,P,10250000,1 (2013),10250000,10250000
David Wright,NYN,3B,10192071,8 (2013-20),138000000,17250000
Carlos Marmol,CHN,P,10133333,3 (2011-13),20000000,6666667
Brandon Phillips,CIN,2B,10083333,6 (2012-17),72500000,12083333
Troy Tulowitzki,COL,SS,10000000,10 (2011-20),157750000,15775000
Jose Reyes,TOR,SS,10000000,6 (2012-17),106000000,17666667
Miguel Montero,ARI,C,10000000,5 (2013-17),60000000,12000000
Brian Roberts,BAL,2B,10000000,4 (2010-13),40000000,10000000
Aramis Ramirez,MIL,3B,10000000,3 (2012-14),36000000,12000000
Adam LaRoche,WSH,1B,10000000,2 (2013-14),24000000,12000000
Lance Berkman,TEX,DH,10000000,2 (2012-13),16000000,8000000
Mariano Rivera,NYA,P,10000000,1 (2013),10000000,10000000
David Price,TB,P,9831954,1 (2013),9831954,9831954
Justin Upton,ATL,OF,9750000,6 (2010-15),51250000,8541667
Ryan Braun,MIL,OF,9611111,8 (2008-15),45000000,5625000
Gavin Floyd,CWS,P,9500000,1 (2013),9500000,9500000
Stephen Drew,BOS,SS,9500000,1 (2013),9500000,9500000
Howie Kendrick,ANA,2B,9100000,4 (2012-15),33500000,8375000
Alex Gordon,KCA,OF,9000000,4 (2012-15),37500000,9375000
Heath Bell,ARI,P,9000000,3 (2012-14),27000000,9000000
Jacoby Ellsbury,BOS,OF,9000000,1 (2013),9000000,9000000
Tim Hudson,ATL,P,9000000,1 (2013),9000000,9000000
Adam Jones,BAL,OF,8833333,6 (2013-18),85500000,14250000
Anibal Sanchez,DET,P,8800000,5 (2013-17),80000000,16000000
Erick Aybar,ANA,SS,8750000,4 (2013-16),35000000,8750000
Jake Westbrook,SLN,P,8750000,1 (2013),8750000,8750000
Chase Headley,SDN,3B,8575000,1 (2013),8575000,8575000
Billy Butler,KCA,DH,8500000,4 (2011-14),30000000,7500000
Chris Young,OAK,OF,8500000,1 (2013),8500000,8500000
Jason Vargas,ANA,P,8500000,1 (2013),8500000,8500000
Angel Pagan,SFN,OF,8250000,4 (2013-16),40000000,10000000
Yovani Gallardo,MIL,P,8000000,5 (2010-14),30100000,6020000
Edwin Encarnacion,TOR,DH,8000000,3 (2013-15),29000000,9666667
Brandon Morrow,TOR,P,8000000,3 (2012-14),21000000,7000000
Melky Cabrera,TOR,OF,8000000,2 (2013-14),16000000,8000000
Joe Nathan,TEX,P,8000000,2 (2012-13),14750000,7375000
Buster Posey,SFN,C,8000000,1 (2013),8000000,8000000
Carlos Gonzalez,COL,OF,7928571,7 (2011-17),80000000,11428571
Jay Bruce,CIN,OF,7541667,6 (2011-16),51000000,8500000
Russell Martin,PIT,C,7500000,2 (2013-14),17000000,8500000
Jason Kubel,ARI,OF,7500000,2 (2012-13),16000000,8000000
Rafael Furcal,SLN,SS,7500000,2 (2012-13),14000000,7000000
A.J. Pierzynski,TEX,C,7500000,1 (2013),7500000,7500000
J.J. Hardy,BAL,SS,7416667,3 (2012-14),22250000,7416667
Johnny Cueto,CIN,P,7400000,4 (2011-14),27000000,6750000
Shin-Soo Choo,CIN,OF,7375000,1 (2013),7375000,7375000
Franklin Gutierrez,SEA,OF,7312500,4 (2010-13),20250000,5062500
Chris Perez,CLE,P,7300000,1 (2013),7300000,7300000
Juan Uribe,LAN,3B,7295911,3 (2011-13),21000000,7000000
Phil Hughes,NYA,P,7150000,1 (2013),7150000,7150000
Joel Hanrahan,BOS,P,7040000,1 (2013),7040000,7040000
Michael Bourn,CLE,OF,7000000,4 (2013-16),48000000,12000000
Martin Prado,ARI,3B,7000000,4 (2013-16),40000000,10000000
Alexei Ramirez,CWS,SS,7000000,4 (2012-15),32500000,8125000
Josh Willingham,MIN,OF,7000000,3 (2012-14),21000000,7000000
Coco Crisp,OAK,OF,7000000,2 (2012-13),14000000,7000000
Huston Street,SDN,P,7000000,2 (2013-14),14000000,7000000
Brett Myers,CLE,P,7000000,1 (2013),7000000,7000000
Jeff Francoeur,KCA,OF,6750000,2 (2012-13),13500000,6750000
Michael Morse,SEA,OF,6750000,2 (2012-13),10500000,5250000
Jason Hammel,BAL,P,6750000,1 (2013),6750000,6750000
Max Scherzer,DET,P,6725000,1 (2013),6725000,6725000
Marco Scutaro,SFN,2B,6666667,3 (2013-15),20000000,6666667
Asdrubal Cabrera,CLE,SS,6500000,2 (2013-14),16500000,8250000
Joe Blanton,ANA,P,6500000,2 (2013-14),15000000,7500000
Ichiro Suzuki,NYA,OF,6500000,2 (2013-14),13000000,6500000
Frank Francisco,NYN,P,6500000,2 (2012-13),12000000,6000000
J.J. Putz,ARI,P,6500000,2 (2011-12),10000000,5000000
Jim Johnson,BAL,P,6500000,1 (2013),6500000,6500000
Paul Maholm,ATL,P,6500000,1 (2013),6500000,6500000
Kurt Suzuki,WSH,C,6450000,4 (2010-13),16250000,4062500
Chris Capuano,LAN,P,6375000,2 (2012-13),10000000,5000000
Gio Gonzalez,WSH,P,6350000,5 (2012-16),42000000,8400000
Cody Ross,ARI,OF,6000000,3 (2013-15),26000000,8666667
Jeremy Affeldt,SFN,P,6000000,3 (2013-15),18000000,6000000
John Buck,NYN,C,6000000,3 (2011-13),18000000,6000000
Aaron Harang,LAN,P,6000000,2 (2012-13),12000000,6000000
Jhonny Peralta,DET,SS,6000000,1 (2013),6000000,6000000
Joe Saunders,SEA,P,6000000,1 (2013),6000000,6000000
Mark Reynolds,CLE,DH,6000000,1 (2013),6000000,6000000
Jaime Garcia,SLN,P,5875000,4 (2012-15),27000000,6750000
Starlin Castro,CHN,SS,5857143,7 (2013-19),60000000,8571428
David Murphy,TEX,OF,5775000,1 (2013),5775000,5775000
Clay Buchholz,BOS,P,5750000,4 (2012-15),29945000,7486250
Brett Anderson,OAK,P,5750000,4 (2010-13),12500000,3125000
Ubaldo Jimenez,CLE,P,5750000,1 (2013),5750000,5750000
Edinson Volquez,SDN,P,5725000,1 (2013),5725000,5725000
Pablo Sandoval,SFN,3B,5700000,3 (2012-14),17150000,5716667
Justin Masterson,CLE,P,5687500,1 (2013),5687500,5687500
Ben Zobrist,TB,OF,5687300,4 (2010-13),18000000,4500000
Trevor Cahill,ARI,P,5500000,5 (2011-15),30500000,6100000
Brandon League,LAN,P,5500000,3 (2013-15),22500000,7500000
Joaquin Benoit,DET,P,5500000,3 (2011-13),16500000,5500000
Matt Thornton,CWS,P,5500000,2 (2012-13),12000000,6000000
Aaron Hill,ARI,2B,5500000,2 (2012-13),11000000,5500000
Clint Barmes,PIT,SS,5500000,2 (2012-13),10500000,5250000
Matt Wieters,BAL,C,5500000,1 (2013),5500000,5500000
Scott Baker,CHN,P,5500000,1 (2013),5500000,5500000
Homer Bailey,CIN,P,5350000,1 (2013),5350000,5350000
Jordan Zimmermann,WSH,P,5350000,1 (2013),5350000,5350000
Brandon McCarthy,ARI,P,5250000,2 (2013-14),15500000,7750000
Mark Ellis,LAN,2B,5250000,2 (2012-13),8750000,4375000
Kendrys Morales,SEA,DH,5250000,1 (2013),5250000,5250000
Clayton Richard,SDN,P,5240000,1 (2013),5240000,5240000
Matt Harrison,TEX,P,5200000,5 (2013-17),55000000,11000000
Adam Lind,TOR,1B,5150000,1 (2013),5150000,5150000
Rick Porcello,DET,P,5100000,1 (2013),5100000,5100000
Chris Iannetta,ANA,C,5050000,3 (2013-15),15500000,5166667
Elvis Andrus,TEX,SS,5050000,3 (2012-14),14400000,4800000
Jeremy Guthrie,KCA,P,5000000,3 (2013-15),25000000,8333333
Scott Downs,ANA,P,5000000,3 (2011-13),15000000,5000000
Mike Adams,PHI,P,5000000,2 (2013-14),12000000,6000000
Jonny Gomes,BOS,DH,5000000,2 (2013-14),10000000,5000000
Carlos Ruiz,PHI,C,5000000,1 (2013),5000000,5000000
Carlos Villanueva,CHN,P,5000000,1 (2013),5000000,5000000
John Axford,MIL,P,5000000,1 (2013),5000000,5000000
Mike Napoli,BOS,1B,5000000,1 (2013),5000000,5000000
R.A. Dickey,TOR,P,5000000,1 (2013),5000000,5000000
Aroldis Chapman,CIN,P,4835772,6 (2010-15),30250000,5041667
Denard Span,WSH,OF,4750000,5 (2010-14),16500000,3300000
Matt Guerrier,LAN,P,4711499,3 (2011-13),12000000,4000000
Andrew McCutchen,PIT,OF,4708333,6 (2012-17),51500000,8583333
Colby Rasmus,TOR,OF,4675000,1 (2013),4675000,4675000
Sean Marshall,CIN,P,4625000,3 (2013-15),16500000,5500000
Luke Hochevar,KCA,P,4560000,1 (2013),4560000,4560000
Jesse Crain,CWS,P,4500000,3 (2011-13),13000000,4333333
Jason Motte,SLN,P,4500000,2 (2013-14),12000000,6000000
Kevin Correia,MIN,P,4500000,2 (2013-14),10000000,5000000
Bruce Chen,KCA,P,4500000,2 (2012-13),9000000,4500000
Kyle Kendrick,PHI,P,4500000,2 (2012-13),7500000,3750000
Garrett Jones,PIT,1B,4500000,1 (2013),4500000,4500000
Grant Balfour,OAK,P,4500000,1 (2013),4500000,4500000
Jarrod Saltalamacchia,BOS,C,4500000,1 (2013),4500000,4500000
Eric O`Flaherty,ATL,P,4320000,1 (2013),4320000,4320000
Carlos Gomez,MIL,OF,4300000,1 (2013),4300000,4300000
Ian Kennedy,ARI,P,4265000,1 (2013),4265000,4265000
Mat Latos,CIN,P,4250000,2 (2013-14),11500000,5750000
David DeJesus,CHN,OF,4250000,2 (2012-13),10000000,5000000
Javier Lopez,SFN,P,4250000,2 (2012-13),8500000,4250000
Rafael Betancourt,COL,P,4250000,2 (2012-13),8500000,4250000
Koji Uehara,BOS,P,4250000,1 (2013),4250000,4250000
Santiago Casilla,SFN,P,4166667,3 (2013-15),15000000,5000000
Alberto Callaspo,ANA,3B,4100000,2 (2013-14),8975000,4487500
Matt Belisle,COL,P,4100000,2 (2012-13),8125000,4062500
Andrew Bailey,BOS,P,4100000,1 (2013),4100000,4100000
Kyle Lohse,MIL,P,4000000,3 (2013-15),33000000,11000000
Jonathan Broxton,CIN,P,4000000,3 (2013-15),21000000,7000000
Omar Infante,DET,2B,4000000,2 (2012-13),8000000,4000000
Doug Fister,DET,P,4000000,1 (2013),4000000,4000000
Mike Pelfrey,MIN,P,4000000,1 (2013),4000000,4000000
Shaun Marcum,NYN,P,4000000,1 (2013),4000000,4000000
Tyler Clippard,WSH,P,4000000,1 (2013),4000000,4000000
Casey Janssen,TOR,P,3900000,2 (2012-13),5900000,2950000
Stephen Strasburg,WSH,P,3900000,1 (2013),3900000,3900000
Ian Desmond,WSH,SS,3800000,1 (2013),3800000,3800000
Dexter Fowler,COL,OF,3750000,2 (2013-14),11600000,5800000
Jamey Carroll,MIN,2B,3750000,2 (2012-13),6500000,3250000
Jerry Hairston Jr.,LAN,OF,3750000,2 (2012-13),6000000,3000000
Tommy Hanson,ANA,P,3725000,1 (2013),3725000,3725000
J.A. Happ,TOR,P,3700000,2 (2013-14),8900000,4450000
Seth Smith,OAK,OF,3675000,1 (2013),3675000,3675000
Jason Heyward,ATL,OF,3650000,1 (2013),3650000,3650000
Sean Burnett,ANA,P,3625000,2 (2013-14),8000000,4000000
Jeff Keppinger,CWS,3B,3500000,3 (2013-15),12000000,4000000
Sergio Romo,SFN,P,3500000,2 (2013-14),9000000,4500000
Ryan Doumit,MIN,C,3500000,2 (2013-14),7000000,3500000
Austin Jackson,DET,OF,3500000,1 (2013),3500000,3500000
Octavio Dotel,DET,P,3500000,1 (2013),3500000,3500000
Ryan Madson,ANA,P,3500000,1 (2013),3500000,3500000
Chris Davis,BAL,1B,3300000,1 (2013),3300000,3300000
Neil Walker,PIT,2B,3300000,1 (2013),3300000,3300000
Brendan Ryan,SEA,SS,3250000,1 (2013),3250000,3250000
Roberto Hernandez,TB,P,3250000,1 (2013),3250000,3250000
Derek Holland,TEX,P,3200000,5 (2012-16),28500000,5700000
Edward Mujica,SLN,P,3200000,1 (2013),3200000,3200000
Luke Gregerson,SDN,P,3200000,1 (2013),3200000,3200000
Boone Logan,NYA,P,3150000,1 (2013),3150000,3150000
Brad Ziegler,ARI,P,3150000,1 (2013),3150000,3150000
David Freese,SLN,3B,3150000,1 (2013),3150000,3150000
Joe Smith,CLE,P,3150000,1 (2013),3150000,3150000
Ike Davis,NYN,1B,3125000,1 (2013),3125000,3125000
David Ross,BOS,C,3100000,2 (2013-14),6200000,3100000
Nick Masset,CIN,P,3100000,2 (2012-13),5500000,2750000
David Robertson,NYA,P,3100000,1 (2013),3100000,3100000
Mike Leake,CIN,P,3060000,1 (2013),3060000,3060000
Jon Niese,NYN,P,3050000,5 (2012-16),25519500,5103900
James McDonald,PIT,P,3025000,1 (2013),3025000,3025000
Alcides Escobar,KCA,SS,3000000,4 (2012-15),10500000,2625000
Maicer Izturis,TOR,3B,3000000,3 (2013-15),10000000,3333333
Nick Hundley,SDN,C,3000000,3 (2012-14),9000000,3000000
Joel Peralta,TB,P,3000000,2 (2013-14),6000000,3000000
Bartolo Colon,OAK,P,3000000,1 (2013),3000000,3000000
Bud Norris,HOU,P,3000000,1 (2013),3000000,3000000
Darren Oliver,TOR,P,3000000,1 (2013),3000000,3000000
Eric Chavez,ARI,3B,3000000,1 (2013),3000000,3000000
Jason Marquis,SDN,P,3000000,1 (2013),3000000,3000000
Jeff Niemann,TB,P,3000000,1 (2013),3000000,3000000
Alex Avila,DET,C,2950000,1 (2013),2950000,2950000
Ryan Roberts,TB,3B,2950000,1 (2013),2950000,2950000
Daniel Murphy,NYN,2B,2925000,1 (2013),2925000,2925000
Gordon Beckham,CWS,2B,2925000,1 (2013),2925000,2925000
Carlos Pena,HOU,DH,2900000,1 (2013),2900000,2900000
Neftali Feliz,TEX,P,2900000,1 (2013),2900000,2900000
Brett Gardner,NYA,OF,2850000,1 (2013),2850000,2850000
J.P. Howell,LAN,P,2850000,1 (2013),2850000,2850000
Drew Stubbs,CLE,OF,2825000,1 (2013),2825000,2825000
Wade Davis,KCA,P,2800000,4 (2011-14),12600000,3150000
Dayan Viciedo,CWS,OF,2800000,1 (2013),2800000,2800000
Sergio Santos,TOR,P,2750000,3 (2012-14),8250000,2750000
Tom Gorzelanny,MIL,P,2750000,2 (2013-14),5700000,2850000
Geovany Soto,TEX,C,2750000,1 (2013),2750000,2750000
Luke Scott,TB,DH,2750000,1 (2013),2750000,2750000
Will Venable,SDN,OF,2675000,1 (2013),2675000,2675000
Alfredo Aceves,BOS,P,2650000,1 (2013),2650000,2650000
Jeff Samardzija,CHN,P,2640000,1 (2013),2640000,2640000
Emilio Bonifacio,TOR,2B,2600000,1 (2013),2600000,2600000
Kris Medlen,ATL,P,2600000,1 (2013),2600000,2600000
Evan Longoria,TB,3B,2500018,6 (2008-13),17500000,2916667
Glen Perkins,MIN,P,2500000,3 (2013-15),10300000,3433333
Jason Grilli,PIT,P,2500000,2 (2013-14),6750000,3375000
Ty Wigginton,SLN,1B,2500000,2 (2013-14),5000000,2500000
Drew Storen,WSH,P,2500000,1 (2013),2500000,2500000
Fernando Rodney,TB,P,2500000,1 (2013),2500000,2500000
Jeff Karstens,PIT,P,2500000,1 (2013),2500000,2500000
John Lannan,PHI,P,2500000,1 (2013),2500000,2500000
Rajai Davis,TOR,OF,2500000,1 (2013),2500000,2500000
Scott Hairston,CHN,OF,2500000,1 (2013),2500000,2500000
Kelly Johnson,TB,2B,2450000,1 (2013),2450000,2450000
Matt Joyce,TB,OF,2450000,1 (2013),2450000,2450000
Jed Lowrie,OAK,SS,2400000,1 (2013),2400000,2400000
Ryan Hanigan,CIN,C,2350000,3 (2011-13),4000000,1333333
Gerardo Parra,ARI,OF,2350000,1 (2013),2350000,2350000
Ross Detwiler,WSH,P,2337500,1 (2013),2337500,2337500
Craig Breslow,BOS,P,2325000,1 (2013),2325000,2325000
Matt Lindstrom,CWS,P,2300000,1 (2013),2300000,2300000
Chris Johnson,ATL,3B,2287500,1 (2013),2287500,2287500
Mike Aviles,CLE,SS,2250000,2 (2013-14),6000000,3000000
Michael Gonzalez,MIL,P,2250000,1 (2013),2250000,2250000
Nate Schierholtz,CHN,OF,2250000,1 (2013),2250000,2250000
Darren O`Day,BAL,P,2200000,1 (2013),2200000,2200000
Ramon Santiago,DET,2B,2100000,2 (2012-13),4200000,2100000
Alejandro De Aza,CWS,OF,2075000,1 (2013),2075000,2075000
Jose Iglesias,BOS,SS,2062500,4 (2010-13),8250000,2062500
Jared Burton,MIN,P,2050000,2 (2013-14),5500000,2750000
Ryan Ludwick,CIN,OF,2000000,2 (2013-14),15000000,7500000
Joakim Soria,TEX,P,2000000,2 (2013-14),8000000,4000000
Chris Denorfia,SDN,OF,2000000,2 (2013-14),4250000,2125000
Wilson Betemit,BAL,DH,2000000,2 (2012-13),3250000,1625000
A.J. Ellis,LAN,C,2000000,1 (2013),2000000,2000000
Charlie Morton,PIT,P,2000000,1 (2013),2000000,2000000
Colby Lewis,TEX,P,2000000,1 (2013),2000000,2000000
Ian Stewart,CHN,3B,2000000,1 (2013),2000000,2000000
James Loney,TB,1B,2000000,1 (2013),2000000,2000000
Jerome Williams,ANA,P,2000000,1 (2013),2000000,2000000
Nate McLouth,BAL,OF,2000000,1 (2013),2000000,2000000
Travis Hafner,NYA,DH,2000000,1 (2013),2000000,2000000
Marco Estrada,MIL,P,1955000,1 (2013),1955000,1955000
Willie Bloomquist,ARI,SS,1900000,2 (2012-13),3800000,1900000
Joba Chamberlain,NYA,P,1875000,1 (2013),1875000,1875000
Jose Veras,HOU,P,1850000,1 (2013),1850000,1850000
Phil Coke,DET,P,1850000,1 (2013),1850000,1850000
Tommy Hunter,BAL,P,1820000,1 (2013),1820000,1820000
John Jaso,OAK,C,1800000,1 (2013),1800000,1800000
Jose Mijares,SFN,P,1800000,1 (2013),1800000,1800000
Wilton Lopez,COL,P,1762500,1 (2013),1762500,1762500
Allen Craig,SLN,OF,1750000,5 (2013-17),31000000,6200000
Cliff Pennington,ARI,SS,1750000,1 (2013),1750000,1750000
Dioner Navarro,CHN,C,1750000,1 (2013),1750000,1750000
Felipe Paulino,KCA,P,1750000,1 (2013),1750000,1750000
Gaby Sanchez,PIT,1B,1750000,1 (2013),1750000,1750000
Jeff Baker,TEX,3B,1750000,1 (2013),1750000,1750000
Matt Albers,CLE,P,1750000,1 (2013),1750000,1750000
Alexi Casilla,BAL,2B,1700000,1 (2013),1700000,1700000
Bobby Parnell,NYN,P,1700000,1 (2013),1700000,1700000
Jhoulys Chacin,COL,P,1650000,2 (2013-14),6500000,3250000
Jonny Venters,ATL,P,1625000,1 (2013),1625000,1625000
Greg Dobbs,MIA,3B,1600000,2 (2012-13),3000000,1500000
Brandon Moss,OAK,1B,1600000,1 (2013),1600000,1600000
Brian Matusz,BAL,P,1600000,1 (2013),1600000,1600000
Juan Pierre,MIA,OF,1600000,1 (2013),1600000,1600000
Reed Johnson,ATL,OF,1600000,1 (2013),1600000,1600000
Robert Andino,SEA,2B,1600000,1 (2013),1600000,1600000
Burke Badenhop,MIL,P,1550000,1 (2013),1550000,1550000
Dustin Ackley,SEA,2B,1500000,5 (2010-14),7500000,1500000
Randy Choate,SLN,P,1500000,3 (2013-15),7500000,2500000
Gerald Laird,ATL,C,1500000,2 (2013-14),3000000,1500000
Jeff Mathis,MIA,C,1500000,2 (2013-14),3000000,1500000
John McDonald,PIT,SS,1500000,2 (2012-13),3000000,1500000
Nick Punto,LAN,3B,1500000,2 (2012-13),3000000,1500000
Skip Schumaker,LAN,2B,1500000,2 (2012-13),3000000,1500000
Andres Torres,SFN,OF,1500000,1 (2013),1500000,1500000
Brennan Boesch,NYA,OF,1500000,1 (2013),1500000,1500000
Chris Volstad,COL,P,1500000,1 (2013),1500000,1500000
Dustin McGowan,TOR,P,1500000,1 (2013),1500000,1500000
Jason Frasor,TEX,P,1500000,1 (2013),1500000,1500000
Jeff Francis,COL,P,1500000,1 (2013),1500000,1500000
Jose Molina,TB,C,1500000,1 (2013),1500000,1500000
Kelly Shoppach,SEA,C,1500000,1 (2013),1500000,1500000
Oliver Perez,SEA,P,1500000,1 (2013),1500000,1500000
Franklin Morales,BOS,P,1487500,1 (2013),1487500,1487500
Andrew Miller,BOS,P,1475000,1 (2013),1475000,1475000
Mitchell Boggs,SLN,P,1475000,1 (2013),1475000,1475000
Alex Gonzalez,MIL,SS,1450000,1 (2013),1450000,1450000
Ronald Belisario,LAN,P,1450000,1 (2013),1450000,1450000
Antonio Bastardo,PHI,P,1400000,1 (2013),1400000,1400000
David Hernandez,ARI,P,1375000,2 (2013-14),3500000,1750000
Jonathan Sanchez,PIT,P,1375000,1 (2013),1375000,1375000
Laynce Nix,PHI,OF,1350000,2 (2012-13),2500000,1250000
Chris Resop,OAK,P,1350000,1 (2013),1350000,1350000
Eric Hinske,ARI,1B,1350000,1 (2013),1350000,1350000
Gregor Blanco,SFN,OF,1350000,1 (2013),1350000,1350000
Joe Thatcher,SDN,P,1350000,1 (2013),1350000,1350000
Shawn Camp,CHN,P,1350000,1 (2013),1350000,1350000
Chris Heisey,CIN,OF,1325000,1 (2013),1325000,1325000
Brian Duensing,MIN,P,1300000,1 (2013),1300000,1300000
Mark Kotsay,SDN,OF,1300000,1 (2013),1300000,1300000
Aaron Crow,KCA,P,1280000,1 (2013),1280000,1280000
Everth Cabrera,SDN,SS,1275000,1 (2013),1275000,1275000
Tony Sipp,ARI,P,1275000,1 (2013),1275000,1275000
Brandon Inge,PIT,3B,1250000,1 (2013),1250000,1250000
Derek Lowe,TEX,P,1250000,1 (2013),1250000,1250000
Kyle Farnsworth,TB,P,1250000,1 (2013),1250000,1250000
Lyle Overbay,NYA,1B,1250000,1 (2013),1250000,1250000
Roger Bernadina,WSH,OF,1212500,1 (2013),1212500,1212500
Kevin Jepsen,ANA,P,1181250,1 (2013),1181250,1181250
Chad Qualls,MIA,P,1150000,1 (2013),1150000,1150000
Erik Bedard,HOU,P,1150000,1 (2013),1150000,1150000
Ronny Cedeno,HOU,SS,1150000,1 (2013),1150000,1150000
Cory Luebke,SDN,P,1125000,4 (2012-15),12000000,3000000
Yonder Alonso,SDN,1B,1120000,1 (2013),1120000,1120000
Ben Francisco,NYA,OF,1100000,1 (2013),1100000,1100000
Jerry Blevins,OAK,P,1100000,1 (2013),1100000,1100000
Marc Rzepczynski,SLN,P,1100000,1 (2013),1100000,1100000
Miguel Tejada,KCA,3B,1100000,1 (2013),1100000,1100000
James Russell,CHN,P,1075000,1 (2013),1075000,1075000
Chris Getz,KCA,2B,1050000,1 (2013),1050000,1050000
Kameron Loe,SEA,P,1050000,1 (2013),1050000,1050000
Wesley Wright,HOU,P,1025000,1 (2013),1025000,1025000
Jack Hannahan,CIN,3B,1000000,2 (2013-14),4000000,2000000
Chad Tracy,WSH,1B,1000000,1 (2013),1000000,1000000
Francisco Liriano,PIT,P,1000000,1 (2013),1000000,1000000
George Kottaras,KCA,C,1000000,1 (2013),1000000,1000000
Hisanori Takahashi,CHN,P,1000000,1 (2013),1000000,1000000
Jason Bay,SEA,OF,1000000,1 (2013),1000000,1000000
Jon Rauch,MIA,P,1000000,1 (2013),1000000,1000000
LaTroy Hawkins,NYN,P,1000000,1 (2013),1000000,1000000
Lou Marson,CLE,C,1000000,1 (2013),1000000,1000000
Luis Ayala,BAL,P,1000000,1 (2013),1000000,1000000
Manny Parra,CIN,P,1000000,1 (2013),1000000,1000000
Nolan Reimold,BAL,OF,1000000,1 (2013),1000000,1000000
Rich Hill,CLE,P,1000000,1 (2013),1000000,1000000
Ryan Raburn,CLE,OF,1000000,1 (2013),1000000,1000000
Scott Kazmir,CLE,P,1000000,1 (2013),1000000,1000000
Sean Rodriguez,TB,SS,1000000,1 (2013),1000000,1000000
Yorvit Torrealba,COL,C,1000000,1 (2013),1000000,1000000
Pat Neshek,OAK,P,975000,1 (2013),975000,975000
Ryan Webb,MIA,P,975000,1 (2013),975000,975000
Shawn Kelley,NYA,P,935000,1 (2013),935000,935000
John Baker,SDN,C,930000,1 (2013),930000,930000
Luis Valbuena,CHN,3B,930000,1 (2013),930000,930000
Joaquin Arias,SFN,2B,925000,1 (2013),925000,925000
Madison Bumgarner,SFN,P,916667,5 (2013-17),35000000,7000000
Jose Tabata,PIT,OF,916667,6 (2011-16),15000000,2500000
Don Kelly,DET,OF,900000,1 (2013),900000,900000
Humberto Quintero,PHI,C,900000,1 (2013),900000,900000
Jamey Wright,TB,P,900000,1 (2013),900000,900000
Jayson Nix,NYA,3B,900000,1 (2013),900000,900000
Jonathan Herrera,COL,SS,900000,1 (2013),900000,900000
Alfredo Simon,CIN,P,890000,1 (2013),890000,890000
Craig Stammen,WSH,P,875000,2 (2013-14),2250000,1125000
Brayan Pena,DET,C,875000,1 (2013),875000,875000
Jonathan Lucroy,MIL,C,850000,5 (2012-16),11000000,2200000
Chad Durbin,PHI,P,850000,1 (2013),850000,850000
Kevin Frandsen,PHI,3B,850000,1 (2013),850000,850000
Chris Narveson,MIL,P,840000,1 (2013),840000,840000
Junichi Tazawa,BOS,P,815000,1 (2013),815000,815000
Troy Patton,BAL,P,815000,1 (2013),815000,815000
Cesar Izturis,CIN,SS,800000,1 (2013),800000,800000
Miguel Olivo,MIA,C,800000,1 (2013),800000,800000
Philip Humber,HOU,P,800000,1 (2013),800000,800000
Wil Nieves,ARI,C,800000,1 (2013),800000,800000
Carlos Santana,CLE,C,750000,5 (2012-16),21001900,4200380
Brandon Lyon,NYN,P,750000,1 (2013),750000,750000
Brent Lillibridge,CHN,2B,750000,1 (2013),750000,750000
Chad Gaudin,SFN,P,750000,1 (2013),750000,750000
Delmon Young,PHI,OF,750000,1 (2013),750000,750000
Henry Blanco,TOR,C,750000,1 (2013),750000,750000
Juan Gutierrez,KCA,P,750000,1 (2013),750000,750000
Jason Giambi,CLE,DH,750000,1 (2013),750000,750000
Kevin Slowey,MIA,P,750000,1 (2013),750000,750000
Mark DeRosa,TOR,2B,750000,1 (2013),750000,750000
Cristhian Martinez,ATL,P,749750,1 (2013),749750,749750
Paul Janish,ATL,SS,725000,1 (2013),725000,725000
Sam Fuld,TB,OF,725000,1 (2013),725000,725000
Adam Rosales,OAK,2B,700000,1 (2013),700000,700000
Austin Kearns,MIA,OF,700000,1 (2013),700000,700000
Casey Kotchman,MIA,1B,700000,1 (2013),700000,700000
Dewayne Wise,CWS,OF,700000,1 (2013),700000,700000
Josh Kinney,SEA,P,700000,1 (2013),700000,700000
Marlon Byrd,NYN,OF,700000,1 (2013),700000,700000
Pedro Alvarez,PIT,3B,700000,1 (2013),700000,700000
Scott Atchison,NYN,P,700000,1 (2013),700000,700000
Tim Wood,MIN,P,675000,1 (2013),675000,675000
Josh Wilson,ARI,SS,650000,1 (2013),650000,650000
Brendan Harris,ANA,SS,625000,1 (2013),625000,625000
John Maine,MIA,P,625000,1 (2013),625000,625000
Ivan Nova,NYA,P,575600,1 (2013),575600,575600
Alfredo Figaro,MIL,P,575000,1 (2013),575000,575000
Guillermo Quiroz,SFN,C,575000,1 (2013),575000,575000
Mark Lowe,ANA,P,575000,1 (2013),575000,575000
Darwin Barney,CHN,2B,562200,1 (2013),562200,562200
Blake Wood,CLE,P,560000,1 (2013),560000,560000
Freddie Freeman,ATL,1B,560000,1 (2013),560000,560000
Cody Ransom,SDN,OF,550000,1 (2013),550000,550000
Greg Burke,NYN,P,550000,1 (2013),550000,550000
Ramiro Pena,ATL,3B,550000,1 (2013),550000,550000
Shelley Duncan,TB,1B,550000,1 (2013),550000,550000
Jordan Walden,ATL,P,541500,1 (2013),541500,541500
Mark Trumbo,ANA,DH,540000,1 (2013),540000,540000
Giancarlo Stanton,MIA,OF,537000,1 (2013),537000,537000
Scott Rice,NYN,P,535000,1 (2013),535000,535000
Eduardo Nunez,NYA,SS,533300,1 (2013),533300,533300
Luis Mendoza,KCA,P,532000,1 (2013),532000,532000
Brandon Belt,SFN,1B,531500,1 (2013),531500,531500
Brandon Crawford,SFN,SS,530000,1 (2013),530000,530000
Ernesto Frieri,ANA,P,530000,1 (2013),530000,530000
Michael Pineda,NYA,P,528475,1 (2013),528475,528475
Travis Wood,CHN,P,527500,1 (2013),527500,527500
Zack Cozart,CIN,SS,527500,1 (2013),527500,527500
Dillon Gee,NYN,P,527375,1 (2013),527375,527375
Michael Brantley,CLE,OF,526900,1 (2013),526900,526900
Danny Espinosa,WSH,2B,526250,1 (2013),526250,526250
Edgar Gonzalez,HOU,P,525000,1 (2013),525000,525000
Matt Tuiasosopo,DET,OF,525000,1 (2013),525000,525000
Mike Moustakas,KCA,3B,524500,1 (2013),524500,524500
Jon Jay,SLN,OF,524000,1 (2013),524000,524000
Mark Melancon,PIT,P,521000,1 (2013),521000,521000
Elliot Johnson,KCA,2B,520500,1 (2013),520500,520500
Trevor Plouffe,MIN,3B,520000,1 (2013),520000,520000
Lucas Duda,NYN,OF,519240,1 (2013),519240,519240
Daniel Hudson,ARI,P,518500,1 (2013),518500,518500
Felix Doubront,BOS,P,518500,1 (2013),518500,518500
John Mayberry Jr.,PHI,OF,517000,1 (2013),517000,517000
Jake Arrieta,BAL,P,516500,1 (2013),516500,516500
Francisco Cervelli,NYA,C,515350,1 (2013),515350,515350
Chris Stewart,NYA,C,515100,1 (2013),515100,515100
Ben Revere,PHI,OF,515000,1 (2013),515000,515000
Lance Lynn,SLN,P,513000,1 (2013),513000,513000
Michael Saunders,SEA,OF,512600,1 (2013),512600,512600
Jordan Schafer,ATL,OF,512500,1 (2013),512500,512500
Peter Bourjos,ANA,OF,512500,1 (2013),512500,512500
Fernando Salas,SLN,P,512000,1 (2013),512000,512000
Kenley Jansen,LAN,P,512000,1 (2013),512000,512000
Daniel Descalso,SLN,2B,511000,1 (2013),511000,511000
Kyle Seager,SEA,3B,510400,1 (2013),510400,510400
Brett Cecil,TOR,P,510000,1 (2013),510000,510000
Josh Reddick,OAK,OF,510000,1 (2013),510000,510000
Mike Trout,ANA,OF,510000,1 (2013),510000,510000
Sam LeCure,CIN,P,510000,1 (2013),510000,510000
Tyler Flowers,CWS,C,510000,1 (2013),510000,510000
Michael Bowden,CHN,P,509500,1 (2013),509500,509500
Tom Wilhelmsen,SEA,P,509100,1 (2013),509100,509100
Esmil Rogers,TOR,P,509000,1 (2013),509000,509000
Chris Tillman,BAL,P,508500,1 (2013),508500,508500
Mike Carp,BOS,1B,508500,1 (2013),508500,508500
Eric Stults,SDN,P,507600,1 (2013),507600,507600
Alexi Ogando,TEX,P,506600,1 (2013),506600,506600
Jake McGee,TB,P,506200,1 (2013),506200,506200
Jarrod Dyson,KCA,OF,506000,1 (2013),506000,506000
J.P. Arencibia,TOR,C,505600,1 (2013),505600,505600
Daniel Nava,BOS,OF,505500,1 (2013),505500,505500
Matt Reynolds,ARI,P,505500,1 (2013),505500,505500
Danny Duffy,KCA,P,505125,1 (2013),505125,505125
Andy Dirks,DET,OF,505000,1 (2013),505000,505000
Angel Sanchez,CWS,SS,505000,1 (2013),505000,505000
Hector Santiago,CWS,P,505000,1 (2013),505000,505000
Josh Roenicke,MIN,P,505000,1 (2013),505000,505000
Luis Alfonso Cruz,LAN,3B,505000,1 (2013),505000,505000
Michael McKenry,PIT,C,505000,1 (2013),505000,505000
Mike Minor,ATL,P,505000,1 (2013),505000,505000
Raul Valdes,PHI,OF,505000,1 (2013),505000,505000
Travis Snider,PIT,OF,505000,1 (2013),505000,505000
Xavier Paul,CIN,OF,505000,1 (2013),505000,505000
Justin Turner,NYN,2B,504547,1 (2013),504547,504547
Clayton Mortensen,BOS,P,504500,1 (2013),504500,504500
Ryan Mattheus,WSH,P,504500,1 (2013),504500,504500
Chris Coghlan,MIA,OF,503500,1 (2013),503500,503500
Jesus Montero,SEA,C,503300,1 (2013),503300,503300
Jesus Guzman,SDN,OF,503200,1 (2013),503200,503200
Lorenzo Cain,KCA,OF,503175,1 (2013),503175,503175
Jeremy Hellickson,TB,P,503000,1 (2013),503000,503000
Josh Harrison,PIT,3B,503000,1 (2013),503000,503000
Welington Castillo,CHN,C,503000,1 (2013),503000,503000
Mitch Moreland,TEX,1B,502700,1 (2013),502700,502700
Anthony Swarzak,MIN,P,502500,1 (2013),502500,502500
Hector Sanchez,SFN,C,502500,1 (2013),502500,502500
Pedro Strop,BAL,P,502500,1 (2013),502500,502500
Chris Leroux,PIT,P,502000,1 (2013),502000,502000
Miguel Gonzalez,BAL,P,502000,1 (2013),502000,502000
Desmond Jennings,TB,OF,501800,1 (2013),501800,501800
Josh Tomlin,CLE,P,501800,1 (2013),501800,501800
Bryan Shaw,CLE,P,501700,1 (2013),501700,501700
Cesar Ramos,TB,P,501300,1 (2013),501300,501300
Steve Lombardozzi,WSH,2B,501250,1 (2013),501250,501250
Wilson Ramos,WSH,C,501250,1 (2013),501250,501250
Craig Gentry,TEX,OF,501000,1 (2013),501000,501000
Henry Alberto Rodriguez,WSH,P,501000,1 (2013),501000,501000
Andrew Cashner,SDN,P,500800,1 (2013),500800,500800
Lucas Harrell,HOU,P,500700,1 (2013),500700,500700
Jeremy Hefner,NYN,P,500635,1 (2013),500635,500635
Tyson Ross,SDN,P,500500,1 (2013),500500,500500
Wade Miley,ARI,P,500500,1 (2013),500500,500500
Mike Baxter,NYN,OF,500318,1 (2013),500318,500318
Al Alburquerque,DET,P,500000,1 (2013),500000,500000
Brett Lawrie,TOR,3B,500000,1 (2013),500000,500000
Casey Fien,MIN,P,500000,1 (2013),500000,500000
Cole DeVries,MIN,P,500000,1 (2013),500000,500000
Darin Mastroianni,MIN,OF,500000,1 (2013),500000,500000
Domonic Brown,PHI,OF,500000,1 (2013),500000,500000
J.B. Shuck,ANA,OF,500000,1 (2013),500000,500000
Jeanmar Gomez,PIT,P,500000,1 (2013),500000,500000
Jon Garland,COL,P,500000,1 (2013),500000,500000
Luis Perez,TOR,P,500000,1 (2013),500000,500000
Paul Goldschmidt,ARI,1B,500000,1 (2013),500000,500000
Scott Sizemore,OAK,2B,500000,1 (2013),500000,500000
Starling Marte,PIT,OF,500000,1 (2013),500000,500000
Kyle Drabek,TOR,P,499500,1 (2013),499500,499500
Logan Forsythe,SDN,2B,499000,1 (2013),499000,499000
Reid Brignac,COL,SS,499000,1 (2013),499000,499000
Dale Thayer,SDN,P,498900,1 (2013),498900,498900
Steve Delabar,TOR,P,498900,1 (2013),498900,498900
Brad Brach,SDN,P,498200,1 (2013),498200,498200
Kirk Nieuwenhuis,NYN,OF,498124,1 (2013),498124,498124
Anthony Rizzo,CHN,1B,498000,7 (2013-19),41000000,5857142
Mike Fiers,MIL,P,498000,1 (2013),498000,498000
Ryan Kalish,BOS,OF,498000,1 (2013),498000,498000
Shane Robinson,SLN,OF,498000,1 (2013),498000,498000
Chris Parmelee,MIN,OF,497500,1 (2013),497500,497500
Devin Mesoraco,CIN,C,497500,1 (2013),497500,497500
Donnie Veal,CWS,P,497500,1 (2013),497500,497500
Alexi Amarista,SDN,SS,497400,1 (2013),497400,497400
Alex White,HOU,P,497100,1 (2013),497100,497100
Jeremy Horst,PHI,P,497000,1 (2013),497000,497000
Jordany Valdespin,NYN,OF,496645,1 (2013),496645,496645
Jason Castro,HOU,C,496600,1 (2013),496600,496600
Jose Lobaton,TB,C,496500,1 (2013),496500,496500
Michael Schwimer,TOR,P,496500,1 (2013),496500,496500
Zach McAllister,CLE,P,496400,1 (2013),496400,496400
Juan Francisco,ATL,3B,496250,1 (2013),496250,496250
Erik Kratz,PHI,C,496000,1 (2013),496000,496000
Julio Borbon,TEX,OF,496000,1 (2013),496000,496000
Steve Clevenger,CHN,C,496000,1 (2013),496000,496000
Lucas Luetge,SEA,P,495900,1 (2013),495900,495900
Michael Kirkman,TEX,P,495800,1 (2013),495800,495800
Frank Herrmann,CLE,P,495500,1 (2013),495500,495500
Justin Smoak,SEA,1B,495100,1 (2013),495100,495100
Brett Wallace,HOU,1B,495000,1 (2013),495000,495000
Carlos Corporan,HOU,C,495000,1 (2013),495000,495000
Chris Valaika,MIA,3B,495000,1 (2013),495000,495000
Eduardo Escobar,MIN,2B,495000,1 (2013),495000,495000
Eric Sogard,OAK,SS,495000,1 (2013),495000,495000
Evan Scribner,OAK,P,495000,1 (2013),495000,495000
Garrett Richards,ANA,P,495000,1 (2013),495000,495000
Hank Conger,ANA,C,495000,1 (2013),495000,495000
Jarrod Parker,OAK,P,495000,1 (2013),495000,495000
Pedro Florimon,MIN,SS,495000,1 (2013),495000,495000
Tommy Milone,OAK,P,495000,1 (2013),495000,495000
Jenrry Mejia,NYN,P,494925,1 (2013),494925,494925
George Kontos,SFN,P,494500,1 (2013),494500,494500
Justin Ruggiano,MIA,OF,494500,1 (2013),494500,494500
Marwin Gonzalez,HOU,SS,494400,1 (2013),494400,494400
Brett Pill,SFN,1B,494000,1 (2013),494000,494000
Chris Carter,HOU,OF,494000,1 (2013),494000,494000
Justin Sellers,LAN,SS,494000,1 (2013),494000,494000
Martin Maldonado,MIL,C,494000,1 (2013),494000,494000
James Darnell,SDN,OF,493700,1 (2013),493700,493700
David Huff,CLE,P,493600,1 (2013),493600,493600
Collin Cowgill,NYN,OF,493520,1 (2013),493520,493520
Ryan Flaherty,BAL,SS,493500,1 (2013),493500,493500
Hector Ambriz,HOU,P,493400,1 (2013),493400,493400
Chase d`Arnaud,PIT,SS,493000,1 (2013),493000,493000
Dylan Axelrod,CWS,P,493000,1 (2013),493000,493000
Fernando Martinez,HOU,OF,493000,1 (2013),493000,493000
Hector Gimenez,CWS,C,493000,1 (2013),493000,493000
Leyson Septimo,CWS,P,493000,1 (2013),493000,493000
Tyler Moore,WSH,OF,493000,1 (2013),493000,493000
Lonnie Chisenhall,CLE,3B,492900,1 (2013),492900,492900
Andrew Romine,ANA,SS,492500,1 (2013),492500,492500
Derek Norris,OAK,C,492500,1 (2013),492500,492500
Josh Donaldson,OAK,3B,492500,1 (2013),492500,492500
Justin Maxwell,HOU,OF,492500,1 (2013),492500,492500
Mike Dunn,MIA,P,492500,1 (2013),492500,492500
Sean Doolittle,OAK,P,492500,1 (2013),492500,492500
Dave Sappelt,CHN,OF,492000,1 (2013),492000,492000
Eric Young Jr.,COL,OF,492000,1 (2013),492000,492000
Fernando Rodriguez,OAK,P,492000,1 (2013),492000,492000
Jean Segura,MIL,SS,492000,1 (2013),492000,492000
Jim Henderson,MIL,P,492000,1 (2013),492000,492000
Matt Dominguez,HOU,3B,491800,1 (2013),491800,491800
Brandon Barnes,HOU,OF,491700,1 (2013),491700,491700
Donovan Solano,MIA,2B,491500,1 (2013),491500,491500
Logan Morrison,MIA,1B,491500,1 (2013),491500,491500
Wade LeBlanc,MIA,P,491500,1 (2013),491500,491500
Casey Kelly,SDN,P,491400,1 (2013),491400,491400
Cory Gearrin,ATL,P,491250,1 (2013),491250,491250
A.J. Pollock,ARI,OF,491000,1 (2013),491000,491000
Adam Eaton,ARI,OF,491000,1 (2013),491000,491000
Adam Ottavino,COL,P,491000,1 (2013),491000,491000
Chris Nelson,COL,3B,491000,1 (2013),491000,491000
Christian Garcia,WSH,P,491000,1 (2013),491000,491000
Edgmer Escalona,COL,P,491000,1 (2013),491000,491000
Jordan Pacheco,COL,3B,491000,1 (2013),491000,491000
Juan Nicasio,COL,P,491000,1 (2013),491000,491000
Mark Rogers,MIL,P,491000,1 (2013),491000,491000
Mat Gamel,MIL,1B,491000,1 (2013),491000,491000
Taylor Green,MIL,3B,491000,1 (2013),491000,491000
Wilin Rosario,COL,C,491000,1 (2013),491000,491000
Anthony Recker,NYN,C,490840,1 (2013),490840,490840
Conor Gillaspie,CWS,3B,490500,1 (2013),490500,490500
A.J. Ramos,MIA,P,490000,1 (2013),490000,490000
Alex Sanabia,MIA,P,490000,1 (2013),490000,490000
Alfredo Marte,ARI,OF,490000,1 (2013),490000,490000
Alfredo Silverio,MIA,OF,490000,1 (2013),490000,490000
Andrew Taylor,ANA,P,490000,1 (2013),490000,490000
Anthony Varvaro,ATL,P,490000,1 (2013),490000,490000
Avisail Garcia,DET,OF,490000,1 (2013),490000,490000
Carlos Carrasco,CLE,P,490000,1 (2013),490000,490000
Freddy Galvis,PHI,2B,490000,1 (2013),490000,490000
Hector Rondon,CHN,P,490000,1 (2013),490000,490000
Jeff Bianchi,MIL,SS,490000,1 (2013),490000,490000
Jose Ceda,MIA,P,490000,1 (2013),490000,490000
Josh Fields,HOU,P,490000,1 (2013),490000,490000
Leury Garcia,TEX,2B,490000,1 (2013),490000,490000
Logan Schafer,MIL,OF,490000,1 (2013),490000,490000
Nate Freiman,OAK,1B,490000,1 (2013),490000,490000
Nick Noonan,SFN,2B,490000,1 (2013),490000,490000
Pete Kozma,SLN,SS,490000,1 (2013),490000,490000
Phillippe Aumont,PHI,P,490000,1 (2013),490000,490000
Shelby Miller,SLN,P,490000,1 (2013),490000,490000
Wilkin Ramirez,MIN,OF,490000,1 (2013),490000,490000
